salt,85746
butter,54975
sugar,44535
onion,39065
water,34914
eggs,33761
olive oil,32822
flour,26266
milk,25786
garlic cloves,25748
pepper,22319
garlic,18087
baking powder,17504
egg,17304
parmesan cheese,14807
lemon juice,14233
baking soda,14099
vegetable oil,13912
vanilla,13315
cinnamon,12560
tomato,11950
sour cream,11779
honey,9898
cream cheese,9827
celery,9541
cheddar cheese,8969
soy sauce,8856
mayonnaise,8736
paprika,7982
worcestershire sauce,7832
cornstarch,7486
carrots,7023
parsley,7001
chili powder,6984
bacon,6948
carrot,6707
nutmeg,6299
ground beef,5824
walnuts,5765
pecans,5752
dijon mustard,5599
heavy cream,5201
margarine,5077
mozzarella cheese,4980
orange juice,4702
zucchini,4591
raisins,4487
fresh ginger,4255
cumin,4233
oregano,4185
ketchup,3901
balsamic vinegar,3848
lime juice,3749
cilantro,3742
ground ginger,3655
ginger,3600
dried thyme,3533
vinegar,3395
bay leaf,3253
whipping cream,3158
dry white wine,3130
thyme,2980
curry powder,2959
lemon,2901
white wine,2890
dry mustard,2839
breadcrumbs,2773
bananas,2747
shortening,2744
basil,2727
mushrooms,2718
cheese,2712
salsa,2703
semi-sweet chocolate chips,2606
bay leaves,2537
black beans,2468
scallions,2425
nuts,2421
banana,2327
ground cloves,2321
half-and-half,2265
chocolate chips,2232
shallots,2197
pineapple, 0
tabasco sauce,2188
cucumber,2176
cream of mushroom soup,2138
sesame seeds,2134
hot sauce,2124
chicken,2115
cream,2100
cooking spray,2091
beef broth,2090
shallot,2066
almond extract,2046
ground coriander,2041
mushroom,2020
italian seasoning,1990
black olives,1981
maple syrup,1962
shrimp,1903
bread,1903
avocado,1894
turmeric,1858
cayenne,1855
cabbage,1844
plain yogurt,1818
green chilies,1810
fresh rosemary,1807
cocoa,1791
chives,1757
molasses,1740
lettuce,1733
almonds,1709
ham,1642
capers,1623
orange zest,1611
apple,1604
rice,1589
allspice,1588
active dry yeast,1582
frozen peas,1577
red wine,1548
barbecue sauce,1547
corn,1533
green beans,1528
rolled oats,1526
scallion,1525
potato,1515
broccoli,1508
coconut,1506
fresh dill,1502
rosemary,1433
vegetable broth,1390
beer,1373
cool whip,1345
dried cranberries,1324
spinach,1316
mustard,1306
strawberries,1299
chickpeas,1295
vodka,1291
of fresh mint,1267
fish sauce,1267
blueberries,1264
vegetable stock,1256
yeast,1249
lime,1221
dry sherry,1177
clove,1150
jalapeno,1126
spaghetti,1086
coriander,1064
pasta,1061
cauliflower,1058
pork tenderloin,1044
strawberry,1041
asparagus,1040
kidney beans,1025
pork chops,1024
salmon fillets,1024
elbow macaroni,1007
orange,999
beef stock,989
ground turkey,971
brandy,955
leeks,945
pumpkin,944
chili sauce,943
peaches,928
oatmeal,921
yellow cake mix,898
ground pork,895
semisweet chocolate,877
sherry wine,862
taco seasoning,861
hoisin sauce,859
tortilla chips,851
rum,844
ground cardamom,839
oats,818
dates,813
garam masala,790
leek,783
dill weed,764
sage,753
poultry seasoning,745
prepared horseradish,728
sunflower seeds,719
golden raisin,715
liquid smoke,709
pinto beans,702
mango,700
cajun seasoning,699
dill,699
crabmeat,698
yogurt,693
artichoke hearts,688
bittersweet chocolate,682
prosciutto,675
couscous,664
pecan halves,664
sauerkraut,663
tequila,661
splenda granular,656
tuna,654
linguine,649
catsup,649
fresh mint leaves,642
dried apricot,636
pesto sauce,632
kalamata olive,631
seasoning,630
green olives,628
caraway seed,628
peas,624
chocolate syrup,619
oyster sauce,616
garbanzo beans,615
yellow squash,606
beef,606
cranberries,587
cashews,587
raspberries,585
fennel seed,584
bean sprouts,574
kahlua,565
horseradish,563
marjoram,560
wheat germ,556
pears,551
dark chocolate,551
whipped topping,545
pizza sauce,543
sun-dried tomato,543
unsweetened chocolate,537
mint,535
tahini,530
lasagna noodles,529
white chocolate,525
italian dressing,520
marshmallows,515
unflavored gelatin,514
macaroni,510
bourbon,509
red food coloring,502
firm tofu,499
ground chuck,498
ranch dressing,495
dried tarragon,488
teriyaki sauce,478
maraschino cherry,478
miracle whip,477
coffee,476
lentil,475
fresh tarragon,471
marinara sauce,471
cherry pie filling,464
frozen mixed vegetables,459
poppy seed,459
chocolate,453
quinoa,450
bisquick,444
tarragon,439
rhubarb,436
refrigerated crescent dinner rolls,422
vegetables,419
chili,415
noodles,414
creme fraiche,413
triple sec,412
salmon,412
grenadine,407
club soda,404
apricot preserves,402
maraschino cherries,399
saffron,399
cardamom,398
amaretto,388
grand marnier,385
pistachios,381
cooked turkey,381
pie crusts,377
gorgonzola,370
kielbasa,365
tilapia fillets,365
olive,364
mirin,364
pizza dough,363
arugula,361
chipotle chile in adobo,360
beets,359
kale,359
pancetta,358
tortillas,357
ghee,355
white cake mix,351
chipotle chiles in adobo,348
pork,348
sweet pickle relish,347
currants,346
baguette,343
feta,342
fettuccine,341
pearl barley,341
parsnips,339
oreo cookies,333
italian salad dressing,330
enchilada sauce,330
alfredo sauce,330
puff pastry,329
prawns,328
turkey,327
lard,327
oat bran,322
penne,321
pie crust,317
flank steaks,315
dried cherries,312
wonton wrappers,309
cherries,308
red chile,306
ground lamb,305
guacamole,304
green food coloring,302
berries,300
radishes,295
whole berry cranberry sauce,293
cantaloupe,291
sea scallops,286
soya sauce,284
apricot jam,284
mixed salad greens,284
red capsicum,280
tamari,280
ground flax seeds,279
fish fillets,279
coleslaw mix,277
bok choy,277
xanthan gum,276
artificial sweetener,275
chuck roast,272
cognac,268
picante sauce,267
food coloring,267
bicarbonate of soda,266
anchovy fillets,265
fresh raspberry,265
summer squash,265
ritz crackers,264
pear,262
barley,262
phyllo dough,260
fruit,256
herbes de provence,252
sake,252
tofu,252
baked beans,252
peach,249
crisco,249
raspberry jam,249
agave nectar,248
devil's food cake mix,247
star anise,247
round steaks,247
english muffins,246
rolls,243
whiskey,243
flax seed meal,242
crouton,242
brussels sprouts,237
scallops,236
pimientos,236
adobo sauce,233
marshmallow creme,232
salami,232
gelatin,231
walnut pieces,230
stock,229
radish,229
caramels,229
port wine,227
beans,226
miniature marshmallow,226
blanched almond,225
flax seed,223
herbs,223
tea bags,222
fennel bulb,222
salad dressing,221
ground sirloin,220
curry leaves,219
salad greens,218
cracker,218
walnut halves,216
pecan pieces,216
gin,216
pimiento,214
parsnip,214
wheat bran,212
mussels,212
taco sauce,212
clams,212
jam,211
steak sauce,210
jicama,210
dried chipotle powder,207
steak,207
red curry paste,206
tomatillos,205
papaya,205
red seedless grapes,205
broth,201
swiss chard,201
mace,199
marsala wine,197
meat,197
dried ancho chile powder,197
biscuit mix,196
angel food cake,196
refrigerated biscuits,195
yoghurt,195
prepared pizza crust,195
granola cereal,194
frozen hash browns,194
turnips,194
cointreau liqueur,193
okra,193
yams,190
frozen green pea,190
candy sprinkles,190
wine,189
seasoned stuffing mix,187
lamb,186
espresso,185
dry vermouth,184
anise seed,184
simple syrup,183
polenta,182
sourdough starter,181
cranberry sauce,181
turnip,180
ground round,179
toffee pieces,178
artichokes,177
grapes,175
fresh herb,175
gruyere,173
nutella,172
toasted almond,171
blue curacao,170
rotel,170
brownie mix,167
creme de cacao,165
syrup,163
poblano chiles,161
thousand island dressing,161
kiwi,161
fennel,158
curry paste,158
baking mix,158
all-bran cereal,156
bulgur,155
phyllo pastry,155
pretzels,152
sultana,152
sprite,151
sambal oelek,151
brussels sprout,150
fenugreek seeds,150
plums,150
raspberry preserves,150
queso fresco,148
harissa,147
anchovy paste,146
biscuits,145
curry,143
chutney,142
squash,141
ground veal,141
pie shell,140
apricot nectar,139
matzo meal,139
brown gravy mix,138
mixed greens,138
maple extract,137
blackberry,137
fish,136
bamboo shoots,135
fusilli,134
frangelico,134
almond paste,134
sriracha sauce,133
cake mix,133
cheerios toasted oat cereal,131
almond meal,130
vital wheat gluten,130
oysters,129
arrowroot,129
manicotti,129
french dressing,128
sandwich buns,128
quick-cooking tapioca,128
caramel sauce,127
frosting,127
toothpick,126
natural bran,125
guinness stout,124
balsamic vinaigrette,124
edamame,124
prunes,123
bamboo shoot,123
hummus,123
tortilla,122
buns,121
stove top stuffing mix,121
beet,120
pickle,120
fat,120
cod,119
midori melon liqueur,119
prune,119
greens,118
tea,118
dried currant,118
oleo,115
whole almond,115
cereal,115
asafoetida powder,115
alfalfa sprout,115
wooden skewers,114
apricots,114
savory,113
bratwursts,113
semolina,113
cooking sherry,113
artichoke heart,113
halibut fillets,113
caramel topping,112
wasabi powder,111
ladyfingers,111
taco shells,110
ciabatta,110
braggs liquid aminos,109
coca-cola,108
cola,108
green capsicum,108
masa harina,107
red currant jelly,107
pomegranate seeds,107
nori,107
radicchio,106
anchovies,106
dark raisin,104
southern comfort,104
toast,104
red snapper fillets,104
tomatillo,103
crescent roll dough,103
kitchen bouquet,102
miso,102
icing,102
catalina dressing,101
plantains,101
pastry for double-crust pie,100
seafood cocktail sauce,100
lasagna noodle,100
flounder fillets,100
hominy,99
nectarines,99
frozen tater tots,99
seedless raisin,98
pretzel sticks,98
grape jelly,98
prepared stuffing,97
chile,96
skewers,96
tapioca starch,96
canned tomato,96
spam,95
liquid pectin,95
gnocchi,94
prepared sweet-and-sour mix,94
instant pistachio pudding mix,93
rutabaga,93
hash browns,93
marinade,92
mascarpone,92
shortcrust pastry,91
dried figs,91
sweet relish,91
roast,90
crab,89
plum sauce,89
textured vegetable protein,89
jelly,89
pico de gallo,89
stevia,89
maple flavoring,88
liqueur,87
pistachio nut,87
escarole,86
bulgar wheat,86
fresh figs,86
sweet and sour sauce,86
tilapia fillet,85
figs,85
wasabi paste,85
pie filling,84
millet,84
tempeh,84
instant pudding mix,83
rocket,83
pizza crust,83
gravy,83
almond flavoring,81
vinaigrette dressing,81
relish,80
courgettes,80
grits,79
limoncello,79
dry pectin,79
gluten,79
vinaigrette,79
sole fillets,78
coleslaw,78
merlot,78
7-up soda,78
vegetable bouillon cubes,78
tortellini,78
belgian endive,77
pretzel,77
hot dog,77
english muffin,76
dried fig,75
vermouth,75
pastry shells,75
bagels,75
protein powder,74
kirsch,74
pastry dough,74
coke,74
tater tots,74
bouquet garni,73
mixed salad green,73
green seedless grape,72
bay scallop,72
tapioca,72
cider,72
poundcake,71
venison,69
spareribs,69
squid,68
medium cheddar,68
sirloin,68
veal,67
custard powder,67
mahi mahi fillets,67
carob powder,66
wasabi,66
green grape,66
marmalade,66
angostura bitters,65
pimentos,65
ketjap manis,65
cheez whiz,65
lavender flowers,64
ditalini,64
fontina,64
creme de menthe,64
hearts of palm,64
candied cherry,64
black sesame seed,63
ouzo,62
galangal,62
buffalo wing sauce,62
lobsters,62
parchment paper,61
halibut,60
marsala,60
ale,60
bouillon cubes,60
apricot,59
calvados,59
parmigiano,59
blanched slivered almond,59
challah,59
vegetable bouillon cube,58
dream whip,58
pectin,57
crepes,57
kumara,57
dried tart cherry,57
cake,57
orecchiette,56
bologna,56
lavender,56
bouillon cube,56
cherry jell-o,56
spring roll wrappers,55
red snapper,55
pea pods,55
baby back ribs,54
ruby port,54
candy cane,53
glaze,53
guar gum,53
cannellini,53
pepitas,53
stir-fry sauce,53
cookies,52
duck,52
herb stuffing mix,52
bran flakes,52
panir,52
m&m's,52
cherry preserves,51
pie pastry,51
wonton skins,51
scotch whisky,50
snickers candy bars,50
brie round,50
sour mix,50
almond essence,50
croissants,50
wooden popsicle sticks,50
wheat chex,50
bouillon,49
browning sauce,49
tartar sauce,49
colored sprinkles,49
sofrito sauce,49
hot fudge,48
french haricots vert,48
chia seeds,48
shoyu,48
grape leaves,48
rabbit,48
seitan,48
frozen french fries,48
filet mignon,48
sumac,48
bocconcini,47
mixed sprouts,47
gherkins,47
m&m',47
ground fenugreek,47
skewer,47
celeriac,47
mesclun,47
oyster,47
trout,46
haddock fillets,46
vegemite,46
vegetable soup mix,45
miniature party rye rounds,45
decorative candies,45
creme de banane,44
yam,44
sucanat,44
pastrami,44
chervil,44
english toffee bits,44
red-hot candies,43
tangerines,43
courgette,43
heath candy bars,43
chablis,43
dashi,43
string bean,43
miniature phyllo cups,43
chips,43
cashew pieces,42
melon,42
urad dal,42
passata,42
white karo,42
salad leaves,42
paraffin wax,42
tia maria,41
cocktail franks,41
consomme,41
file powder,41
peanut sauce,41
wax paper,40
margarita mix,40
citric acid,40
roll,40
alum,39
galliano,39
seafood,39
haddock,39
lobster tails,39
tzatziki,39
sea bass fillets,39
sazon goya,39
pomegranate,39
doritos,38
creme de cassis,38
capellini,38
seeds,38
white sauce,38
pudding,38
brine,38
string,37
oxtails,37
suet,37
fresh snow pea,37
lasagna sheets,37
extract,37
flavoring,37
chat masala,37
raspberry sherbet,37
marzipan,37
fudge sauce,36
preserves,36
liquid,36
caramel candies,36
frankfurters,36
ravioli,36
mortadella,35
assorted fresh vegetable,35
biscuit dough,35
pepsi,35
candy,35
wonton wrapper,35
channa dal,35
fryer,35
mixed berry,34
french fries,34
anchovy fillet,34
frozen non-dairy topping,34
7-up,34
soup,34
caramel,34
miniature m&m baking bits,33
ground aniseed,33
kohlrabi,33
nectarine,33
bitters,33
farina,33
frozen light whipped dessert topping,33
pastry for a double-crust 9-inch pie,33
campari,33
mountain dew soda,33
nam pla,32
gummy worms,32
endive,32
frisee,32
whipped dessert topping mix,32
tapenade,32
pernod,32
dried fenugreek leaves,32
tangerine,31
ziploc bag,31
mixed peel,31
cracked wheat,31
plum,31
sea bass,31
fresh edible flower,31
shake-n-bake,31
bagel,31
pickapeppa sauce,30
colby,30
unsweetened kool-aid powdered drink mix,30
plantain,30
bratwurst,30
drippings,30
bun,30
quark,30
fresh ricotta,30
black walnut,30
masala,30
biscuit,30
ranch dip mix,29
anise,29
dulce de leche,29
dripping,29
wheat,29
cookie,29
sweet sherry,29
pita pockets,29
sweet gherkin,29
veg-all,29
large scallop,29
coco lopez,29
almond bark,29
cacao,29
brazil nut,29
gherkin,29
fleur de sel,28
chard leaves,28
hostess twinkies,28
candies,28
calamari,28
chuck,28
matzos,28
custard,28
jaggery,28
kumquats,28
liquor,28
frozen blackberrie,28
sweet 'n low,28
mexican crema,28
yucca root,28
habaneros,28
capsicum,28
pastry for single-crust pie,27
drambuie,27
swede,27
tostadas,27
au jus mix,27
kool-aid,27
marmite,27
anchovy,26
sesame,26
clam,26
lychees,26
sticks,26
habanero sauce,26
mutton,26
fenugreek leaves,26
muesli,26
buffalo mozzarella,25
sumaq,25
sloppy joe sandwich sauce,25
cashew halves,25
sardines,25
jar,25
powdered soy protein concentrate,25
romaine leaves,25
tawny port,25
flounder,25
cannelloni tubes,25
spicy hot v8,25
gumdrop,24
ponzu sauce,24
hollandaise sauce,24
pie dough,24
fines herbes,24
ribs,24
paper,24
small caper,24
grouper fillets,24
fresh mozzarella balls,24
berbere,23
black treacle,23
hing,23
clementines,23
waffles,23
curacao,23
hershey bars,23
calf liver,23
zinfandel,23
pierogi,23
citron,23
spanish chorizo,22
agave,22
oven cooking bag,22
epazote,22
reese's pieces,22
round sourdough loaf,22
pizza toppings,22
boston butt,22
sherbet,21
cedar plank,21
rose petal,21
nonstick spray coating,21
biscotti,21
dumplings,21
lobster,21
mahi mahi,21
pheasants,21
artichoke,21
baharat,21
bloody mary mix,21
puree,21
sole,21
prepared tart shells,20
amish starter,20
scotch,20
plastic wrap,20
besan,20
curds,20
guava nectar,20
persimmon pulp,20
powdered drink mix,20
pastry crust,20
mung dal,20
liver,20
sure-jell,20
amaranth,20
chayotes,20
wakame seaweed,20
manwich sloppy joe mix,20
lumpia skins,19
quail,19
habanero,19
snow pea sprouts,19
batter,19
goldschlager,19
spanish peanut,19
cachaca,19
demi-glace,19
persimmons,19
quinces,18
jeera powder,18
giardiniera,18
mars bars,18
dried hibiscus flowers,18
bing cherry,18
sorrel,18
macadamias,18
whey protein,18
copha,18
roux,18
rib eye,18
tandoori paste,18
creme de noyaux,18
stick,18
crema,17
bean dip,17
dumpling wrappers,17
ranch dip,17
queso blanco,17
mole,17
ovaltine,17
taro root,17
hash brown,17
lovage,17
candied peel,17
chayote,17
meringue powder,17
condiments,17
active starter,16
certo,16
frosted flakes,16
tasso,16
kefalotiri,16
ground caraway,16
lox,16
ajwain,16
hawaiian punch drink,16
herring fillets,16
malt drink powder,15
macaroons,15
tripe,15
diet soda,15
fig,15
lecithin granules,15
schnapps,15
soda pop,15
blueberry muffin mix,15
radiatore,15
black bean paste,14
ricotta salata,14
fillets,14
gyoza skins,14
fresh mozzarella ball,14
nacho chip,14
red decorating gel,14
whey,14
prosecco,14
bacardi limon,14
achiote,14
herb-seasoned stuffing cubes,14
ribbon,14
treacle,14
aioli,14
goose,14
hershey bar,14
your favorite barbecue rub,14
recaito,14
au jus sauce,13
gai lan,13
kefir,13
gumbo file,13
vitamin c powder,13
fondant,13
spelt,13
toor dal,13
guava paste,13
taco shell,13
pak choi,13
everclear alcohol,13
fresca soda,13
peri-peri,13
satay sauce,13
dipping sauce,13
pheasant,13
kasuri methi,13
sweet tart crust,13
canadian rye whisky,13
bonito flakes,13
almond filling,12
tart shells,12
skor english toffee bit,12
dry sweetener,12
jagermeister,12
filberts,12
franks,12
red jell-o,12
cassava,12
hot bean paste,12
remoulade sauce,12
worchestershire sauce,12
agar-agar,12
masoor dal,12
baking sheet,12
matzohs,12
kelp,12
dried kasha,12
stuffing cubes,12
black caviar,12
english pea,12
black decorating gel,12
octopus,12
surimi,12
goji berry,12
glycerin,12
pappadams,12
mesquite powder,12
asian-style dressing,11
szechuan hot bean sauce,11
cracked farro,11
kumquat,11
sago,11
rye meal,11
dry enchilada mix,11
unbaked pastry shell,11
tostitos scoops,11
ramps,11
starch,11
frankfurter,11
pignolis,11
croissant,11
grouper,11
cavatelli,11
guava,11
piri-piri,11
edible glitter,11
morels,11
portuguese chourico,11
dandelion flowers,11
sorghum,11
nuoc nam,11